seq,
AERWREAAKLI,Neg
ALVIGVIYATSMIFQSTSLV,Neg
AVYLFYGTKDCL,Neg
CSRDNKHTLHRE,Neg
DIAPDTLENLISEFVLREG,Neg
DLDDESIQGKLNFENFSLL,Neg
ENAKNRLGLAQAD,Neg
EYIDGSVIAQL,Neg
GRLKGEELAQYNLWLDYLDALE,Neg
ICRDIDLVRKLIKQAGLSLLAVERQENFPD,Neg
KEVDAKYIETKRSIVQHITQIPYY,Neg
KQVKDKVPDGVFIFLTPPDLAELKSRIIGR,Neg
KTSTEAGVNLVVG,Neg
PDEVTIGIVRERLG,Neg
PLIVLKDSIGREVINRSLIRVR,Neg
QGGAQRGGFTGPIP,Neg
QLPLQQQQQQQQQQQQQQQ,Neg
RAGSKRWLGKRPVVRGVVMNPVDHPHGGGEGRAPIGRKKPTTP,Neg
RFRVLPQGLKVKQVEREDAGVYVCKATNGFGSLSVNYTLVVL,Neg
RKEAKRRYNEGALPGFDPA,Neg
RLQLGKMLNLIDESKFA,Neg
RVIVVFHCEFSSERGPRMCR,Neg
TVEIVMGLEEEFQISVE,Neg
VCGTIYVGGKEVNQCMDKTSDNAI,Neg
VMFAALIFKKDTFFR,Neg
VQWILSFPRAPMGSVSVHV,Neg
VRYHYINKAYEVTMKIQIIS,Neg
YGEPGMQLFVYGREE,Neg
ARPAKAAATQKKVERKAPDA,Pos
ASWSACSVSCGGGARQRTR,Pos
ATPFIECSGARGTCHYFAN,Pos
CELDENNTPMC,Pos
DFKLFAVYIKYR,Pos
DTAVTGLASPLSTGKILDQKAYSCANRLIVLCIENSFMTDARK,Pos
EDMNQKLFDLRGKFKRPPLRRVRMSADAML,Pos
GDVIDTDRDIDR,Pos
GVDITVIRPNH,Pos
GYCSWYRGWAPPDKSIINATDP,Pos
HNRTPENFPCKNL,Pos
INLEACLGRTLMD,Pos
IYSFDGRDIMTDPSWPQKVIWHGSSPHGVRLVDNYCEAWRTA,Pos
KNECLWTDMLSNFGYPGYQSKHYACIRQKG,Pos
MPTWAWWLFLVLLLALWAPARG,Pos
NGRKISLDLRAPLYKKIIKKLLES,Pos
QQMNQKDFLSLIVS,Pos
QRTESIIHRALYYDLIS,Pos
RGFTKMPHVQIHTEASESL,Pos
SAPFIECHGRGTCNYYANS,Pos
SPWDIASVTAGGVQKRS,Pos
SPWSQCSVRCGRGQRSRQVR,Pos
SPWSSASVTAGDGVDITRIR,Pos
SVSGGGHHHHHHGGG,Pos
TEENRELVSELKRP,Pos
TMPFLFCNVNDCNFASRNDYSYWL,Pos
TSWSPCSASCGGGHYQRTR,Pos
WDLVVVSAGVAEVGV,Pos
